<?xml version="1.0" encoding="UTF-8"?>
<project-private xmlns="http://www.netbeans.org/ns/project-private/1">
    <editor-bookmarks xmlns="http://www.netbeans.org/ns/editor-bookmarks/2" lastBookmarkId="0"/>
    <open-files xmlns="http://www.netbeans.org/ns/projectui-open-files/2">
        <group>
            <file>file:/F:/xampp/htdocs/csdl-phpv3/test-struct-file/test-page1.php</file>
            <file>file:/F:/xampp/htdocs/csdl-phpv3/cart/thanhtoan.php</file>
            <file>file:/F:/xampp/htdocs/csdl-phpv3/test-struct-file/header.php</file>
            <file>file:/F:/xampp/htdocs/csdl-phpv3/public/dangxuat.php</file>
            <file>file:/F:/xampp/htdocs/csdl-phpv3/css/css-temp-quantri.css</file>
            <file>file:/F:/xampp/htdocs/csdl-phpv3/admin/thanhvien/update_customer.php</file>
            <file>file:/F:/xampp/htdocs/csdl-phpv3/public/show-product.php</file>
            <file>file:/F:/xampp/htdocs/csdl-phpv3/cart/deletecart.php</file>
            <file>file:/F:/xampp/htdocs/csdl-phpv3/sp-fav/delfav.php</file>
            <file>file:/F:/xampp/htdocs/csdl-phpv3/cart/cart.php</file>
            <file>file:/F:/xampp/htdocs/csdl-phpv3/css/css-user.css</file>
            <file>file:/F:/xampp/htdocs/csdl-phpv3/fb/sharepage.php</file>
            <file>file:/F:/xampp/htdocs/csdl-phpv3/admin/upload-image.php</file>
            <file>file:/F:/xampp/htdocs/csdl-phpv3/admin/sanpham/update_product.php</file>
            <file>file:/F:/xampp/htdocs/csdl-phpv3/sp-fav/addtofav.php</file>
            <file>file:/F:/xampp/htdocs/csdl-phpv3/admin/phantrang-qlsp.php</file>
            <file>file:/F:/xampp/htdocs/csdl-phpv3/sp-fav/sp-fav.php</file>
            <file>file:/F:/xampp/htdocs/csdl-phpv3/cart/update_cart.php</file>
            <file>file:/F:/xampp/htdocs/csdl-phpv3/css/css-trangchung.css</file>
            <file>file:/F:/xampp/htdocs/csdl-phpv3/public/show.php</file>
            <file>file:/F:/xampp/htdocs/csdl-phpv3/admin/temp-quantri.php</file>
            <file>file:/F:/xampp/htdocs/csdl-phpv3/admin/sanpham/show-product.php</file>
            <file>file:/F:/xampp/htdocs/csdl-phpv3/css/css-temp-slide.css</file>
            <file>file:/F:/xampp/htdocs/csdl-phpv3/index.php</file>
            <file>file:/F:/xampp/htdocs/csdl-phpv3/public/show-product-search.php</file>
            <file>file:/F:/xampp/htdocs/csdl-phpv3/cart/addtocart.php</file>
            <file>file:/F:/xampp/htdocs/csdl-phpv3/admin/thanhvien/show-employee.php</file>
            <file>file:/F:/xampp/htdocs/csdl-phpv3/admin/sanpham/css-sanpham/css-qlsp.css</file>
            <file>file:/F:/xampp/htdocs/csdl-phpv3/public/trangchung.php</file>
            <file>file:/F:/xampp/htdocs/csdl-phpv3/public/xemdanhmucsp.php</file>
            <file>file:/F:/xampp/htdocs/csdl-phpv3/admin/sanpham/manager-product.php</file>
            <file>file:/F:/xampp/htdocs/csdl-phpv3/public/dangnhap.php</file>
            <file>file:/F:/xampp/htdocs/csdl-phpv3/public/user-profile.php</file>
            <file>file:/F:/xampp/htdocs/csdl-phpv3/css/thống-css.css</file>
            <file>file:/F:/xampp/htdocs/csdl-phpv3/public/dangkythanhvien.php</file>
            <file>file:/F:/xampp/htdocs/csdl-phpv3/test-struct-file/footer.php</file>
        </group>
    </open-files>
</project-private>
